OBJECTID,ZIPCode,Cases,Deaths,TotalPop,Place,Note,RatePer10K,Shape__Area,Shape__Length
1,27006,145.0,3.0,14872,Advance,,97.4986551909629,1744189234.37061,355282.663136038
2,27007,34.0,0.0,2136,Ararat,,159.176029962547,592499585.594238,195922.003442792
3,27009,18.0,0.0,2937,Belews Creek,,61.2870275791624,618093097.011353,191244.647442635
4,27011,92.0,1.0,5411,Boonville,,170.024025133986,1489580093.86462,316910.589814884
5,27012,463.0,12.0,28954,Clemmons,,159.908820888306,1176567385.86804,255774.303165276
6,27013,114.0,4.0,6495,Cleveland,,175.519630484988,2066336247.98627,379169.285246239
7,27014,10.0,0.0,957,Cooleemee,,104.493207941484,21479098.032959,22299.1178929161
8,27016,23.0,0.0,1682,Danbury,,136.741973840666,1068209590.0686,211061.413302457
9,27017,230.0,1.0,9499,Dobson,,242.130750605327,2962951682.04883,566348.974052304
10,27018,133.0,2.0,8221,East Bend,,161.780805254835,2331567909.96985,255811.974556888
11,27019,44.0,0.0,4234,Germanton,,103.920642418517,977414017.819214,270248.259734795
12,27020,148.0,2.0,6104,Hamptonville,,242.463958060288,2114111622.36755,316969.486887135
13,27021,194.0,1.0,17979,King,,107.903665387396,1469376476.14172,210392.900707099
14,27022,15.0,0.0,1512,Lawsonville,,99.2063492063492,918745327.278442,200803.000966771
15,27023,174.0,1.0,12775,Lewisville,,136.203522504892,807172159.002075,183078.980128527
16,27024,26.0,1.0,2683,Lowgap,,96.9064480059635,1265827411.39758,278411.484773322
17,27025,302.0,2.0,11117,Madison,,271.656022308177,2714649364.33142,468723.596670606
18,27027,68.0,0.0,4017,Mayodan,,169.280557630072,548179131.574585,172371.363079245
19,27028,481.0,3.0,28039,Mocksville,,171.546774136025,5475621774.30664,567238.136149725
20,27030,736.0,13.0,37641,Mount Airy,,195.531468345687,4824085732.75671,624989.724929863
21,27040,142.0,1.0,13150,Pfafftown,,107.984790874525,763349953.536133,205025.773716105
22,27041,92.0,0.0,8020,Pilot Mountain,,114.713216957606,1629462738.40637,324677.141569035
23,27042,18.0,1.0,720,Pine Hall,,250.0,290758639.069458,113971.243586081
24,27043,96.0,1.0,6442,Pinnacle,,149.022042843837,1935795027.06067,395674.180712496
25,27045,187.0,3.0,9583,Rural Hall,,195.137222164249,666085549.25769,154538.589918543
26,27046,24.0,1.0,1953,Sandy Ridge,,122.887864823349,1237681699.0647,217125.573744555
27,27047,13.0,0.0,1279,Siloam,,101.641907740422,576295820.815674,144984.839113672
28,27048,140.0,1.0,8902,Stoneville,,157.268029656257,2355000804.03674,325454.766660313
29,27050,40.0,0.0,4084,Tobaccoville,,97.9431929480901,703876500.567505,219088.1792708
30,27051,114.0,1.0,8287,Walkertown,,137.564860625075,524680317.775635,151066.808563308
31,27052,127.0,0.0,10061,Walnut Cove,,126.229997018189,2710320219.82117,403203.611044297
32,27053,22.0,0.0,3156,Westfield,,69.7084917617237,2152815477.55933,413464.446930882
33,27054,52.0,0.0,2608,Woodleaf,,199.386503067485,778193820.583862,201172.963339102
34,27055,351.0,2.0,14521,Yadkinville,,241.718889883617,3115987965.39453,403366.49229781
35,27101,345.0,12.0,24321,Winston Salem,,141.852719871716,356085731.400146,162957.922513793
36,27103,662.0,17.0,36071,Winston Salem,,183.526932993263,527249856.672729,146399.561156354
37,27104,497.0,11.0,29383,Winston Salem,,169.145424224892,337669863.683838,130394.134288752
38,27105,1094.0,9.0,40186,Winston Salem,,272.234111382073,950547784.577881,208375.813794777
39,27106,917.0,10.0,51378,Winston Salem,,178.481061933123,787324720.967285,203893.681115083
40,27107,1278.0,15.0,52432,Winston Salem,,243.744278303326,1859279716.41162,319111.813640457
41,27127,861.0,6.0,38510,Winston Salem,,223.578291352895,820319160.873047,213438.375685158
42,27157,10.0,0.0,5,Winston Salem,,,827769.094482422,4216.57245655308
43,27203,816.0,19.0,21876,Asheboro,,373.011519473396,589408161.410522,188062.356665824
44,27205,738.0,12.0,34549,Asheboro,,213.60965585111,6255653514.79199,588011.232518038
45,27207,99.0,1.0,3806,Bear Creek,,260.115606936416,2300194678.82397,473699.237818467
46,27208,46.0,0.0,1691,Bennett,,272.028385570668,1029479783.1405,215638.108979383
47,27209,327.0,21.0,4151,Biscoe,,787.76198506384,1198089302.20734,259108.004034657
48,27212,172.0,0.0,1600,Blanch,,1075.0,1328181375.12305,277007.39975067
49,27214,168.0,1.0,11747,Browns Summit,,143.015237933089,1414533235.94788,324969.092830869
50,27215,921.0,8.0,44892,Burlington,,205.159048382785,1827823774.30115,298200.358945539
51,27217,1595.0,40.0,39111,Burlington,,407.81365856153,3473433663.33496,513818.51476852
52,27229,222.0,7.0,4014,Candor,,553.064275037369,2747739848.89313,367384.611313313
53,27231,20.0,0.0,2048,Cedar Grove,,97.65625,987771348.581177,209108.769362036
54,27233,25.0,0.0,3647,Climax,,68.5494927337538,703252829.253662,187154.002103638
55,27235,74.0,0.0,4575,Colfax,,161.748633879781,380654027.583252,148521.339190303
56,27239,132.0,3.0,9629,Denton,,137.085886384879,4319759872.9696,429373.198159064
57,27242,57.0,0.0,2668,Eagle Springs,,213.643178410795,1480408484.01825,321391.030328654
58,27243,70.0,1.0,4665,Efland,,150.05359056806,1142332751.10315,311755.144165646
59,27244,254.0,2.0,16259,Elon,,156.221169813642,1541989025.453,399696.340130384
60,27248,67.0,2.0,4835,Franklinville,,138.572905894519,942909114.352783,215710.992817749
61,27249,189.0,2.0,13355,Gibsonville,,141.520029951329,1679803774.77087,397477.611919868
62,27252,14.0,1.0,2264,Goldston,,61.8374558303887,1142470673.17163,220926.147155476
63,27253,952.0,5.0,31464,Graham,,302.568014238495,2351372927.78931,521476.969804177
64,27258,166.0,3.0,7740,Haw River,,214.470284237726,473631125.268677,312686.877842211
65,27260,635.0,14.0,25696,High Point,,247.120174346202,348441568.963501,133229.878739789
66,27262,549.0,6.0,24764,High Point,,221.692779841706,368730084.700928,171087.864383377
67,27263,504.0,6.0,22320,High Point,,225.806451612903,1121512604.52234,249658.228757679
68,27265,826.0,23.0,50038,High Point,,165.074543347056,1172957282.41284,307481.490778656
69,27268,109.0,0.0,1695,High Point,,643.06784660767,2495618.64758301,8251.66869064816
70,27278,374.0,1.0,27181,Hillsborough,,137.596114933225,2885765742.02771,502574.675043234
71,27281,67.0,0.0,3710,Jackson Springs,,180.592991913747,2095606802.2608,479969.724586594
72,27282,258.0,5.0,16597,Jamestown,,155.449780080737,404066994.873657,168803.970950205
73,27283,46.0,1.0,2982,Julian,,154.258886653253,711286368.914917,161239.518798817
74,27284,903.0,8.0,56201,Kernersville,,160.673297628156,2233069317.10205,420748.080109325
75,27288,402.0,5.0,23585,Eden,,170.447318210727,1951079100.05676,304615.616752016
76,27291,14.0,0.0,1538,Leasburg,,91.0273081924577,1492904663.44434,314720.365319101
77,27292,777.0,6.0,41465,Lexington,,187.386952851803,4270233445.18579,407599.915340798
78,27295,649.0,16.0,39191,Lexington,,165.599244724554,3631502180.53174,466742.919509858
79,27298,163.0,0.0,10440,Liberty,,156.130268199234,2639148530.03284,431527.987760386
80,27299,115.0,0.0,5254,Linwood,,218.88085268367,822543412.257813,203597.604040365
81,27301,121.0,2.0,10019,Mc Leansville,,120.770535981635,900133716.655151,287107.537324028
82,27302,516.0,0.0,32302,Mebane,,159.742430809238,3198656461.27478,644303.59427532
83,27305,41.0,1.0,1585,Milton,,258.675078864353,687167820.539429,263836.485514183
84,27306,171.0,5.0,5945,Mount Gilead,,287.636669470143,5305900334.83325,426306.558627535
85,27310,86.0,1.0,8562,Oak Ridge,,100.443821537024,526240082.103149,140986.043049622
86,27311,33.0,0.0,3220,Pelham,,102.484472049689,1338371966.32642,293760.993606137
87,27312,264.0,22.0,22205,Pittsboro,,118.892141409592,5005768374.64233,617961.777569282
88,27313,132.0,17.0,7288,Pleasant Garden,,181.119648737651,760352714.59021,181619.740165306
89,27314,7.0,0.0,1138,Prospect Hill,,61.5114235500879,773578280.842896,162162.976448062
90,27315,21.0,0.0,2140,Providence,,98.1308411214953,697810511.310425,179457.95829655
91,27316,198.0,11.0,7156,Ramseur,,276.690888764673,1975410509.03577,278228.393914438
92,27317,334.0,6.0,17851,Randleman,,187.104363901182,1700826686.43616,339539.515262609
93,27320,490.0,8.0,38894,Reidsville,,125.983442176171,6966725984.64832,658218.836963247
94,27325,262.0,2.0,7676,Robbins,,341.323606044815,2401051783.47894,409075.895347679
95,27326,47.0,2.0,3692,Ruffin,,127.302275189599,1884156536.74561,359587.547530237
96,27330,1163.0,11.0,39529,Sanford,,294.214374256875,6011213414.18433,528161.840140257
97,27332,777.0,5.0,33549,Sanford,,231.601538048824,2996782209.29614,417113.164836099
98,27340,,,34,Saxapahaw,Population <500 and Cases <5,,694758.987792969,3852.87240074502
99,27341,84.0,0.0,5820,Seagrove,,144.329896907216,2678433259.4787,311632.157547413
100,27343,15.0,0.0,1840,Semora,,81.5217391304348,1390260353.39624,348769.311430722
101,27344,961.0,22.0,19290,Siler City,,498.185588387766,4591228058.44531,607903.308882544
102,27349,69.0,1.0,5850,Snow Camp,,117.948717948718,1831279532.651,381750.490582419
103,27350,98.0,0.0,7508,Sophia,,130.527437400107,1066449848.573,204602.636460839
104,27355,64.0,0.0,3196,Staley,,200.250312891114,1016358702.6969,245160.332752788
105,27356,80.0,1.0,3513,Star,,227.725590663251,1815293543.21783,348288.37985576
106,27357,115.0,1.0,8325,Stokesdale,,138.138138138138,1273124268.28796,223115.118835702
107,27358,220.0,1.0,15960,Summerfield,,137.84461152882199,1557557662.14905,323017.176053331
108,27360,1108.0,13.0,48331,Thomasville,,229.252446669839,2458732404.91687,372395.85217249
109,27370,214.0,1.0,14622,Trinity,,146.354807823827,1663817222.16028,344702.900725307
110,27371,240.0,3.0,7778,Troy,,308.562612496786,4076136455.00793,473833.643450898
111,27376,172.0,6.0,9884,West End,,174.018615944962,1781050002.06519,320932.333330313
112,27377,152.0,0.0,9597,Whitsett,,158.382827967073,736936774.92627,183024.518653502
113,27379,105.0,3.0,6057,Yanceyville,,173.353145121347,2663338769.75159,422550.665080929
114,27401,381.0,10.0,20221,Greensboro,,188.417981306563,171748092.127686,100334.769337553
115,27403,281.0,8.0,21278,Greensboro,,132.061283955259,159396286.028687,87465.2545388649
116,27405,1097.0,18.0,52510,Greensboro,,208.912588078461,886695637.391357,284328.526421691
117,27406,1078.0,43.0,60755,Greensboro,,177.433956053,1894160074.00403,327705.317343953
118,27407,988.0,13.0,49837,Greensboro,,198.246282882196,840498790.451172,227731.576408348
119,27408,231.0,1.0,17406,Greensboro,,132.712857635298,221403500.549561,80148.1616765212
120,27409,276.0,3.0,17953,Greensboro,,153.734751852058,603872824.646484,239783.02449594
121,27410,624.0,7.0,56968,Greensboro,,109.535177643589,859363574.914917,272309.563854046
122,27411,5.0,0.0,847,Greensboro,,59.0318772136954,713742.998291016,5860.23208289576
123,27412,6.0,0.0,1886,Greensboro,,31.813361611877,4771290.83532715,13054.7888333439
124,27455,392.0,10.0,29197,Greensboro,,134.260369216015,816075696.678345,198282.860420201
125,27498,,,13,Greensboro,Population <500 and Cases <5,,3369264.12316895,7774.18760349114
126,27501,434.0,2.0,21338,Angier,,203.393007779548,1683348454.90833,329143.189780915
127,27502,479.0,3.0,43747,Apex,,109.493222392393,840126405.51062,242725.298081049
128,27503,31.0,0.0,7222,Bahama,,42.9243976737746,1054708975.44934,246183.053747647
129,27504,360.0,5.0,16320,Benson,,220.588235294118,2584462015.08862,486262.181304732
130,27505,164.0,5.0,7308,Broadway,,224.411603721949,1509842573.20557,320128.840505679
131,27507,40.0,1.0,2053,Bullock,,194.836824159766,1354883649.98218,266873.357504053
132,27508,54.0,0.0,2340,Bunn,,230.769230769231,312599782.273071,114289.902416244
133,27509,675.0,28.0,6935,Butner,,973.323720259553,507253453.414795,156294.942704551
134,27510,258.0,4.0,14543,Carrboro,,177.404937083133,88705554.5671387,57867.6032694508
135,27511,488.0,3.0,34041,Cary,,143.356540642167,333520579.048462,98702.6527265331
136,27513,464.0,4.0,49003,Cary,,94.688080321613,474399121.186279,162336.294574525
137,27514,737.0,21.0,32847,Chapel Hill,,224.37361098426,579057212.663452,190879.985276748
138,27516,775.0,12.0,44117,Chapel Hill,,175.6692431489,2564236091.9281,438904.079251583
139,27517,369.0,4.0,28831,Chapel Hill,,127.987235961292,1520140847.99951,299162.993678501
140,27518,219.0,1.0,22765,Cary,,96.2003074895673,262665807.612671,130741.025823352
141,27519,522.0,4.0,59960,Cary,,87.0580386924617,609072010.422363,166930.324843009
142,27520,1058.0,27.0,43958,Clayton,,240.684289549115,1962402119.35425,374945.851452289
143,27521,138.0,2.0,7149,Coats,,193.03399076794,721041350.168091,174373.299688566
144,27522,273.0,1.0,13652,Creedmoor,,199.970700263698,2172960809.67273,361578.814896966
145,27523,153.0,0.0,12782,Apex,,119.699577530903,1210964088.06177,294058.887697931
146,27524,377.0,4.0,13532,Four Oaks,,278.598876736624,3831785222.9375,530912.577014992
147,27525,289.0,1.0,15534,Franklinton,,186.043517445603,2660281050.9928,421324.476104612
148,27526,745.0,14.0,54027,Fuquay Varina,,137.894015954985,2787678657.25134,460586.982042285
149,27527,469.0,1.0,30234,Clayton,,155.123371039227,1261348608.45837,213730.175971786
150,27529,1081.0,28.0,53854,Garner,,200.727893935455,1666161335.17407,336033.618547781
151,27530,862.0,25.0,40212,Goldsboro,,214.36387148115,2920081393.96802,465673.796837526
152,27531,3.0,0.0,666,Goldsboro,,45.045045045045,123956304.007813,71472.4653387502
153,27534,789.0,17.0,31819,Goldsboro,,247.965052327226,1995982542.31616,394454.137280507
154,27536,484.0,32.0,16459,Henderson,,294.064037912388,359552678.037964,148817.062353839
155,27537,528.0,12.0,25321,Henderson,,208.522570198649,5545289733.50195,795404.906342346
156,27539,332.0,2.0,26567,Apex,,124.967064403207,805959451.628174,335082.894750929
157,27540,472.0,1.0,39075,Holly Springs,,120.793346129239,1299006108.57275,339054.617126205
158,27541,42.0,1.0,4044,Hurdle Mills,,103.857566765579,1979862536.66309,328579.598479954
159,27542,176.0,3.0,10043,Kenly,,175.246440306681,2499059670.1123,366253.348192187
160,27544,59.0,1.0,4291,Kittrell,,137.497086926124,1645813165.28467,322022.503716068
161,27545,744.0,22.0,30327,Knightdale,,245.325947175784,885541868.759766,219250.012614228
162,27546,595.0,31.0,22436,Lillington,,265.198787662685,3433026188.83105,510775.88711738
163,27549,584.0,27.0,25224,Louisburg,,231.525531240089,6636124442.18066,817297.028533166
164,27551,25.0,1.0,2205,Macon,,113.378684807256,2443966870.98499,402849.299843212
165,27553,29.0,0.0,2030,Manson,,142.857142857143,1245206626.07959,217969.561788749
166,27556,7.0,0.0,298,Middleburg,,234.89932885906,67850312.0914307,63490.7222823736
167,27557,190.0,2.0,9214,Middlesex,,206.207944432386,2046463550.40088,338861.342265204
168,27559,34.0,0.0,2874,Moncure,,118.30201809325,1458825370.29968,366837.077035256
169,27560,401.0,1.0,33691,Morrisville,,119.022884449853,794384947.373291,268297.11970144
170,27562,33.0,0.0,2791,New Hill,,118.237190970978,1862081556.93738,349507.762295745
171,27563,103.0,1.0,5312,Norlina,,193.900602409639,1943381370.69177,412640.540954252
172,27565,681.0,25.0,26057,Oxford,,261.35011705108,9219811779.9552,826827.222809144
173,27569,213.0,0.0,8984,Princeton,,237.088156723063,2107084820.73511,313917.550563748
174,27571,86.0,0.0,7385,Rolesville,,116.452268111036,149121249.193359,94251.9264704589
175,27572,67.0,0.0,7316,Rougemont,,91.5800984144341,3003228111.9873,397658.617230022
176,27573,145.0,8.0,11561,Roxboro,,125.421676325577,501787874.430542,219611.309648669
177,27574,182.0,0.0,15232,Roxboro,,119.485294117647,5527133817.3114,691755.452465683
178,27576,666.0,8.0,20197,Selma,,329.751943357924,2407427117.65723,339571.106645256
179,27577,785.0,6.0,25214,Smithfield,,311.334972634251,2877290650.99841,416726.966278933
180,27581,57.0,0.0,3956,Stem,,144.084934277048,1038615853.81189,246789.101888964
181,27583,103.0,0.0,7012,Timberlake,,146.891043924701,1327957318.65857,326956.719649922
182,27587,1057.0,31.0,74087,Wake Forest,,142.67010406684,3132804734.81897,700749.84181148
183,27589,184.0,4.0,8312,Warrenton,,221.366698748797,4790731000.68542,626837.217934379
184,27591,530.0,4.0,23448,Wendell,,226.032070965541,1913446220.02844,380727.392057269
185,27592,278.0,1.0,17368,Willow Spring,,160.064486411792,1090932847.86865,312475.180771683
186,27596,271.0,1.0,18655,Youngsville,,145.26936478156,1519151285.28821,344366.073155402
187,27597,495.0,5.0,25494,Zebulon,,194.163332548835,3191967656.80884,568385.679042481
188,27599,17.0,0.0,0,Chapel Hill,,,4275416.30163574,15555.1510255833
189,27601,172.0,2.0,12139,Raleigh,,141.692066891836,49970514.2080078,41226.7428180515
190,27603,1124.0,5.0,55479,Raleigh,,202.599181672345,1420350588.63403,346107.072534996
191,27604,1247.0,26.0,47645,Raleigh,,261.727358589569,550434833.049927,194088.121184431
192,27605,111.0,3.0,5253,Raleigh,,211.307824100514,26954475.7900391,26465.2700663817
193,27606,896.0,2.0,47938,Raleigh,,186.908089615754,750229681.939209,267151.497057326
194,27607,678.0,3.0,30296,Raleigh,,223.791919725376,519162282.902344,200611.380547666
195,27608,177.0,1.0,11603,Raleigh,,152.54675514953,91889809.9622803,55583.7467967219
196,27609,748.0,12.0,38631,Raleigh,,193.626879966866,310136046.756592,95880.163026763
197,27610,2518.0,44.0,74203,Raleigh,,339.339379809442,1211166911.84558,327751.489063642
198,27612,572.0,6.0,39208,Raleigh,,145.888594164456,428868509.332275,164483.082879678
199,27613,556.0,7.0,46521,Raleigh,,119.515917542615,675406849.409912,184431.643996557
200,27614,437.0,8.0,37689,Raleigh,,115.948950622197,829063194.918701,218912.319813944
201,27615,680.0,20.0,46038,Raleigh,,147.704070550415,525952454.993774,134192.839940925
202,27616,1258.0,7.0,55260,Raleigh,,227.651103872602,646426991.218628,201092.505637391
203,27617,252.0,1.0,19511,Raleigh,,129.157910922044,230483847.672241,125016.743498849
204,27701,691.0,6.0,26489,Durham,,260.862999735739,147212202.097778,89264.6755119976
205,27703,1794.0,10.0,61351,Durham,,292.415771544066,1376809528.09961,349864.156739061
206,27704,1613.0,18.0,39369,Durham,,409.713226142396,1307759376.10449,279407.953507315
207,27705,1355.0,44.0,48078,Durham,,281.833686925413,1155101566.94189,288440.086812307
208,27706,,,10,Durham,Population <500 and Cases <5,,1281872.18347168,6816.757693542
209,27707,1192.0,5.0,47036,Durham,,253.422910111404,551326002.510864,228660.826032165
210,27708,12.0,0.0,4635,Durham,,25.8899676375405,24140532.868042,39624.2440738689
211,27709,23.0,0.0,4,Durham,,,166810196.870483,93465.8554704913
212,27710,,,0,Durham,,,3645590.83996582,9509.21127183631
213,27711,,,62,Durham,Population <500 and Cases <5,,11690491.0200195,25227.7794868175
214,27712,424.0,21.0,22055,Durham,,192.246656087055,952678558.948486,239427.124284805
215,27713,845.0,5.0,53996,Durham,,156.493073561005,1004016276.63342,186930.768828538
216,27801,562.0,15.0,21556,Rocky Mount,,260.71627389126,1947625744.14368,298032.749540484
217,27803,511.0,7.0,22337,Rocky Mount,,228.768411156377,1209689022.16736,314786.382274833
218,27804,881.0,25.0,29160,Rocky Mount,,302.126200274348,1207912397.80139,237805.719395058
219,27805,100.0,0.0,3769,Aulander,,265.322366675511,3260348789.01416,427031.578041759
220,27806,21.0,0.0,2441,Aurora,,86.03031544449,3806890944.80762,575449.481817415
221,27807,243.0,3.0,6940,Bailey,,350.14409221902,1393278091.89233,266050.599193056
222,27808,38.0,1.0,2481,Bath,,153.164046755341,1375581489.5946,320371.987641635
223,27809,142.0,2.0,5254,Battleboro,,270.27027027027,2127311815.53979,418206.140952668
224,27810,55.0,0.0,4224,Belhaven,,130.208333333333,5320714553.85889,863428.562860575
225,27812,75.0,0.0,2951,Bethel,,254.151135208404,1796512894.90283,307599.921723871
226,27813,4.0,0.0,687,Black Creek,,58.2241630276565,17954681.8726807,21851.3845296183
227,27814,27.0,0.0,1801,Blounts Creek,,149.916712937257,2084052221.88855,349050.345630614
228,27816,60.0,0.0,2634,Castalia,,227.790432801822,1727056405.90051,269780.663460198
229,27817,152.0,2.0,7777,Chocowinity,,195.448116240195,3011254799.10022,441922.251479678
230,27818,44.0,0.0,1269,Como,,346.729708431836,1775223218.97412,291672.91933713
231,27820,49.0,2.0,3292,Conway,,148.845686512758,1787180209.86865,300570.413456991
232,27821,,,343,Edward,Population <500 and Cases <5,,180879118.265869,102716.617789089
233,27822,217.0,3.0,9119,Elm City,,237.964689110648,2421416079.34338,500329.938801193
234,27823,166.0,1.0,7812,Enfield,,212.493599590374,5279947738.18738,591795.38238411
235,27824,24.0,0.0,1540,Engelhard,,155.844155844156,5755622445.56714,766498.765242208
236,27826,36.0,2.0,1245,Fairfield,,289.156626506024,5502010014.61365,681909.128335756
237,27827,7.0,0.0,99,Falkland,,707.070707070707,6818760.54968262,12365.1347191574
238,27828,175.0,2.0,9031,Farmville,,193.776990366515,1954373169.79175,304535.643741104
239,27829,42.0,1.0,1872,Fountain,,224.358974358974,1242859232.87109,276952.810668188
240,27830,92.0,1.0,4858,Fremont,,189.378344997942,1661392631.86707,301522.072838785
241,27831,84.0,1.0,3588,Garysburg,,234.113712374582,1733783751.73071,369102.732751728
242,27832,87.0,0.0,2912,Gaston,,298.763736263736,1029571544.94922,217897.088475999
243,27834,1637.0,13.0,57505,Greenville,,284.670898182767,5082356628.8689,890421.476518531
244,27837,122.0,1.0,6506,Grimesland,,187.519213034122,1710764546.60681,462288.004070908
245,27839,47.0,0.0,3702,Halifax,,126.958400864398,3728459644.54443,454921.143892168
246,27840,25.0,2.0,535,Hamilton,,467.289719626168,127567387.286499,59155.8177418193
247,27841,,,84,Hassell,Population <500 and Cases <5,,5972995.94189453,12505.2057352129
248,27842,13.0,0.0,1436,Henrico,,90.5292479108635,414285932.678223,116849.514846702
249,27843,26.0,0.0,946,Hobgood,,274.841437632135,1458584246.23853,232329.162988765
250,27844,84.0,1.0,3039,Hollister,,276.406712734452,1251113401.94934,274076.283965929
251,27845,27.0,0.0,2841,Jackson,,95.0369588173178,2842001076.66528,416912.567186113
252,27846,51.0,1.0,3069,Jamesville,,166.177908113392,3050744149.28796,442133.927899832
253,27847,22.0,0.0,1071,Kelford,,205.415499533147,1048559305.60547,265580.578438826
254,27849,41.0,2.0,1483,Lewiston Woodville,,276.466621712744,2062202839.65674,367759.436044123
255,27850,67.0,0.0,7413,Littleton,,90.3817617698638,5554617534.52942,570792.398502674
256,27851,145.0,1.0,5595,Lucama,,259.159964253798,1253082833.57764,200836.347936783
257,27852,55.0,0.0,3454,Macclesfield,,159.235668789809,1418996205.83582,268041.951522527
258,27853,15.0,0.0,436,Margarettsville,,344.036697247706,1061331085.73535,233986.055045062
259,27855,149.0,1.0,6105,Murfreesboro,,244.062244062244,1379257056.24951,246550.621363096
260,27856,413.0,4.0,17301,Nashville,,238.714525171955,3696764195.94336,508647.139191863
261,27857,43.0,2.0,1601,Oak City,,268.582136164897,2180191629.70935,354763.313675516
262,27858,1984.0,8.0,58170,Greenville,,341.069279697439,1683129152.90881,395293.630437
263,27860,47.0,1.0,2062,Pantego,,227.934044616877,4384086912.80859,475177.331131482
264,27862,11.0,1.0,945,Pendleton,,116.402116402116,1337735767.81812,305131.144563485
265,27863,233.0,1.0,12670,Pikeville,,183.898973954223,1822358483.62146,414140.550515842
266,27864,127.0,2.0,4823,Pinetops,,263.321584076301,1058515929.69434,223861.53375515
267,27865,27.0,1.0,2003,Pinetown,,134.797803295057,3183419700.15735,407140.115990912
268,27866,22.0,1.0,672,Pleasant Hill,,327.380952380952,548856343.547363,183824.668332886
269,27869,97.0,11.0,2167,Rich Square,,447.6234425473,2314340977.34839,283794.508144883
270,27870,554.0,16.0,26633,Roanoke Rapids,,208.012615927609,1958976214.39966,237465.130853914
271,27871,92.0,3.0,4466,Robersonville,,206.000895656068,2640265625.23401,370404.169208956
272,27872,10.0,0.0,429,Roxobel,,233.100233100233,78668396.3901367,60062.9164687203
273,27874,100.0,1.0,4766,Scotland Neck,,209.819555182543,3988089594.78687,425091.541566969
274,27875,7.0,0.0,511,Scranton,,136.986301369863,1462926064.75208,668994.049821798
275,27876,35.0,1.0,1290,Seaboard,,271.317829457364,1161065802.28784,286123.221519332
276,27880,94.0,0.0,3280,Sims,,286.585365853659,661768421.449585,178936.521495753
277,27881,,,323,Speed,Population <500 and Cases <5,,45624486.2655029,35379.3892263349
278,27882,326.0,4.0,7927,Spring Hope,,411.252680711492,2721376125.90833,404465.358087667
279,27883,91.0,1.0,4361,Stantonsburg,,208.667736757624,2149873597.18677,378850.12800901
280,27884,29.0,0.0,1545,Stokes,,187.702265372168,1118165618.53992,178810.199825372
281,27885,72.0,3.0,859,Swanquarter,,838.183934807916,3236637890.30994,778832.459471456
282,27886,681.0,30.0,21595,Tarboro,,315.35077564251,5534275751.92761,530150.851444626
283,27888,80.0,0.0,2803,Walstonburg,,285.408490902604,1661899290.0293,260588.447365408
284,27889,727.0,24.0,27543,Washington,,263.950913117671,4746901259.41052,624948.845007958
285,27890,52.0,3.0,2398,Weldon,,216.847372810676,250295126.203369,88214.5142201125
286,27891,105.0,6.0,5011,Whitakers,,209.539014168829,3802342458.24487,551887.618669609
287,27892,356.0,7.0,14363,Williamston,,247.859082364409,4740161664.64209,528153.604658045
288,27893,1343.0,35.0,40647,Wilson,,330.405687996654,3134674028.43115,441390.734015219
289,27896,482.0,13.0,21212,Wilson,,227.229869884971,1013992738.34033,260787.736893695
290,27897,56.0,1.0,2467,Woodland,,226.996351844345,1262848506.99878,250563.523857377
291,27909,741.0,33.0,40958,Elizabeth City,,180.917036964696,6356628470.42627,720925.199090358
292,27910,523.0,31.0,11609,Ahoskie,,450.512533379275,3854004911.8667,558805.248838311
293,27915,10.0,0.0,758,Avon,,131.926121372032,132797325.68457,159985.858445685
294,27916,3.0,0.0,554,Aydlett,,54.1516245487365,175446906.710938,88834.9392660151
295,27917,5.0,0.0,1084,Barco,,46.1254612546125,583346697.773926,150643.300800981
296,27919,23.0,1.0,1211,Belvidere,,189.925681255161,1805677755.21484,260299.205087965
297,27920,29.0,0.0,1415,Buxton,,204.946996466431,251417477.481567,169552.58818934
298,27921,58.0,3.0,5366,Camden,,108.087961237421,2216306760.15601,371309.805402765
299,27922,29.0,1.0,1107,Cofield,,261.96928635953,1372106941.59424,230585.938382193
300,27923,2.0,0.0,990,Coinjock,,20.2020202020202,442853112.258789,222994.427279021
301,27924,89.0,3.0,3509,Colerain,,253.633513821602,2545571117.46045,325068.518729581
302,27925,115.0,3.0,4164,Columbia,,276.176753121998,9421043776.67224,822613.133571787
303,27926,18.0,0.0,1965,Corapeake,,91.6030534351145,1084179276.0813,176947.978129327
304,27927,6.0,0.0,613,Corolla,,97.8792822185971,685869287.21875,1266393.74615984
305,27928,51.0,1.0,1888,Creswell,,270.127118644068,3736346955.86023,344143.792077436
306,27929,12.0,0.0,1949,Currituck,,61.5700359158543,352573124.774658,146317.944454099
307,27932,362.0,3.0,12644,Edenton,,286.301803226827,3509551689.6084,391797.495792958
308,27935,21.0,2.0,1674,Eure,,125.448028673835,1443577833.21069,213483.780281898
309,27936,10.0,1.0,961,Frisco,,104.058272632674,134638106.065186,108288.074251882
310,27937,67.0,1.0,4253,Gates,,157.535857042088,2407949124.70361,290137.740864669
311,27938,18.0,0.0,1430,Gatesville,,125.874125874126,1202645918.03784,229961.178585235
312,27939,14.0,0.0,3370,Grandy,,41.5430267062315,296874050.40332,237784.484514939
313,27941,5.0,0.0,670,Harbinger,,74.6268656716418,66348159.842041,42125.3614314887
314,27942,24.0,0.0,936,Harrellsville,,256.410256410256,927451831.666504,150762.800286803
315,27943,8.0,0.0,491,Hatteras,,162.932790224033,82146889.1915283,162150.406610954
316,27944,174.0,1.0,12230,Hertford,,142.27309893704,5013940953.42065,828274.577378666
317,27946,18.0,0.0,1089,Hobbsville,,165.289256198347,1234977495.96777,250163.996071758
318,27947,6.0,0.0,845,Jarvisburg,,71.0059171597633,181991023.044922,117825.87149715
319,27948,103.0,0.0,12518,Kill Devil Hills,,82.2815146189487,288939959.776123,266090.270790261
320,27949,50.0,0.0,7235,Kitty Hawk,,69.1085003455425,426732703.740967,296487.581606319
321,27950,7.0,0.0,2183,Knotts Island,,32.0659642693541,1009906812.90234,393684.159837613
322,27953,7.0,0.0,992,Manns Harbor,,70.5645161290323,4841742826.08521,775886.839802653
323,27954,55.0,0.0,6405,Manteo,,85.8704137392662,346159524.466309,171104.045001834
324,27956,,,328,Maple,Population <500 and Cases <5,,91616147.3259277,62675.9008746753
325,27957,44.0,1.0,1419,Merry Hill,,310.077519379845,1345289022.66797,219570.3989813
326,27958,118.0,4.0,12061,Moyock,,97.8360003316475,2191273226.67993,258895.732965411
327,27959,24.0,1.0,2451,Nags Head,,97.9192166462668,464337538.219238,468359.824712585
328,27960,4.0,0.0,899,Ocracoke,,44.4938820912125,272996211.932129,221416.979930584
329,27962,106.0,3.0,7439,Plymouth,,142.492270466461,2248894843.11377,323982.422404071
330,27964,3.0,0.0,653,Point Harbor,,45.9418070444104,40700993.1791992,29044.1496807834
331,27965,0.0,0.0,611,Poplar Branch,,0.0,362463348.010742,286670.577035681
332,27966,7.0,0.0,1473,Powells Point,,47.5220638153428,310362212.773438,140593.315765635
333,27968,5.0,0.0,413,Rodanthe,,121.065375302663,255307311.38855,376970.397727617
334,27970,70.0,4.0,3214,Roper,,217.797137523335,3979984913.95898,386215.845703473
335,27972,,,196,Salvo,Population <500 and Cases <5,,25839959.5158691,77591.8753697891
336,27973,14.0,0.0,1493,Shawboro,,93.7709310113865,1350823542.63281,279776.313560853
337,27974,11.0,0.0,1375,Shiloh,,80.0,1282875105.52026,448552.234751615
338,27976,49.0,0.0,3561,South Mills,,137.601797247964,2739484648.62012,348819.066033239
339,27978,,,221,Stumpy Point,Population <500 and Cases <5,,3250437066.68713,488663.160212976
340,27979,15.0,0.0,1813,Sunbury,,82.7357970215113,2196378526.26221,272849.595585558
341,27980,82.0,1.0,2075,Tyner,,395.180722891566,1319096560.03711,208839.628959427
342,27981,8.0,0.0,1863,Wanchese,,42.9414922168545,183167116.380371,177755.254740471
343,27982,,,0,Waves,Population <500 and Cases <5,,5381164.09509277,11228.317119066
344,27983,318.0,6.0,10633,Windsor,,299.068936330293,9431469996.22351,861662.756904591
345,27986,57.0,2.0,2650,Winton,,215.094339622642,374234308.870117,153016.850399202
346,28001,988.0,43.0,28360,Albemarle,,348.377997179125,3791255242.38873,479491.354130006
347,28006,24.0,0.0,1136,Alexis,,211.267605633803,126883649.701416,88485.0702727942
348,28012,612.0,4.0,24276,Belmont,,252.100840336134,865729022.118042,170607.841876971
349,28016,283.0,3.0,14526,Bessemer City,,194.823075863968,1271825919.55414,236943.686135101
350,28018,75.0,0.0,5943,Bostic,,126.198889449773,2694770404.83051,433562.153950885
351,28020,43.0,0.0,2464,Casar,,174.512987012987,1475633951.64899,260515.821792163
352,28021,351.0,14.0,13436,Cherryville,,261.23846382852,1626380587.60425,391038.422631114
353,28023,285.0,1.0,14843,China Grove,,192.009701542815,1273875684.14087,277795.952246167
354,28025,1161.0,19.0,55325,Concord,,209.850881156801,2992149162.05573,466210.81613651
355,28027,1472.0,24.0,74072,Concord,,198.725564315801,1903468707.60345,332965.289746403
356,28031,588.0,16.0,31049,Cornelius,,189.378079809334,672168572.25116,151594.592125485
357,28032,78.0,0.0,3249,Cramerton,,240.073868882733,59161626.1264038,51515.5503878613
358,28033,94.0,1.0,3362,Crouse,,279.595478881618,509703222.739563,189532.085619349
359,28034,493.0,11.0,17859,Dallas,,276.051290665771,1273410668.68243,215322.291269956
360,28036,315.0,6.0,18554,Davidson,,169.774711652474,669928559.48645,197029.793668161
361,28037,411.0,1.0,23834,Denver,,172.442728874717,1521729514.62848,312689.389421741
362,28039,15.0,2.0,428,East Spencer,,350.467289719626,13759835.5942383,34526.6128305972
363,28040,118.0,3.0,8270,Ellenboro,,142.684401451028,1773879551.02985,348064.117544275
364,28043,469.0,9.0,21472,Forest City,,218.423994038748,1816346053.52002,348394.442075552
365,28052,1151.0,24.0,36823,Gastonia,,312.576378893626,1165429048.27631,189783.469072903
366,28054,1158.0,22.0,40184,Gastonia,,288.174397770257,562652947.772949,139549.083675328
367,28056,845.0,8.0,35595,Gastonia,,237.392892260149,1342394953.02258,344787.60681341
368,28071,68.0,2.0,3198,Gold Hill,,212.632895559725,1345839018.92865,236923.074375116
369,28073,122.0,2.0,5606,Grover,,217.623974313236,702973243.533203,143952.911566798
370,28075,308.0,6.0,19174,Harrisburg,,160.634192135183,656107496.741638,238150.023406484
371,28077,5.0,0.0,557,High Shoals,,89.7666068222621,25098303.871521,27989.3633622467
372,28078,1074.0,13.0,66079,Huntersville,,162.532725979509,1870251820.14679,316647.648839996
373,28079,655.0,10.0,39813,Indian Trail,,164.519126918343,1221176124.08392,283660.370334182
374,28080,123.0,2.0,8157,Iron Station,,150.790731886723,1095921164.38501,240845.709042299
375,28081,603.0,9.0,28249,Kannapolis,,213.458883500301,862858421.935425,200259.108957382
376,28083,621.0,15.0,25877,Kannapolis,,239.981450709124,582493569.448059,145983.725103448
377,28086,762.0,25.0,26988,Kings Mountain,,282.347710093375,2467878462.36133,329807.139806484
378,28088,65.0,0.0,3059,Landis,,212.48774109186,72787169.9580688,52885.3256566675
379,28090,148.0,4.0,8506,Lawndale,,173.994827180814,2661358061.4715,458218.963524002
380,28091,49.0,0.0,2353,Lilesville,,208.244793880153,2694411423.45477,313074.926269122
381,28092,941.0,8.0,40052,Lincolnton,,234.944572056327,3216596915.74634,535483.341451103
382,28097,133.0,0.0,6124,Locust,,217.178314826911,836579136.406799,181830.474266294
383,28098,70.0,1.0,4010,Lowell,,174.563591022444,99103128.4535522,49283.194148661
384,28101,12.0,0.0,465,Mc Adenville,,258.064516129032,12210373.4969482,19058.3264759027
385,28103,258.0,1.0,11346,Marshville,,227.392913802221,4253866560.83563,449440.107851782
386,28104,560.0,6.0,32469,Matthews,,172.472204256368,824578845.587585,325979.692599077
387,28105,940.0,40.0,45346,Matthews,,207.295020508975,668165195.784729,278013.840820393
388,28107,159.0,4.0,8210,Midland,,193.666260657734,1388640520.38739,250943.513182056
389,28110,1457.0,25.0,55536,Monroe,,262.352348026505,3676478383.48267,422255.233862207
390,28112,885.0,11.0,28060,Monroe,,315.395580898076,3713382117.46545,318461.97727687
391,28114,171.0,2.0,9034,Mooresboro,,189.284923621873,1900066101.23077,346437.871140422
392,28115,566.0,4.0,41536,Mooresville,,136.267334360555,2057262512.61176,327151.756863337
393,28117,752.0,2.0,47608,Mooresville,,157.956645941859,1555969690.69189,234425.757349855
394,28119,81.0,1.0,3034,Morven,,266.974291364535,1970357677.74512,298425.648226889
395,28120,510.0,6.0,24318,Mount Holly,,209.721194177153,1001654680.08618,272689.093586748
396,28124,129.0,4.0,7015,Mount Pleasant,,183.891660727014,1620148303.23315,301866.136666845
397,28125,43.0,0.0,2657,Mount Ulla,,161.836657884833,1169162879.13867,198953.955252748
398,28127,536.0,4.0,7631,New London,,702.398112960293,2159940152.89789,468250.659328753
399,28128,192.0,3.0,8098,Norwood,,237.095579155347,2054286113.35083,282114.674844027
400,28129,127.0,3.0,6031,Oakboro,,210.578676836346,1226619926.53345,219035.034364981
401,28133,59.0,0.0,2713,Peachland,,217.471433837081,2384968915.9574,421295.337069002
402,28134,329.0,2.0,11817,Pineville,,278.412456630278,248618254.324951,88085.4538299007
403,28135,125.0,0.0,5968,Polkton,,209.450402144772,2916374106.84241,475980.429437206
404,28137,90.0,0.0,3843,Richfield,,234.192037470726,1223676252.05975,291589.496037827
405,28138,192.0,4.0,11659,Rockwell,,164.679646624925,1278406256.12445,357387.534646104
406,28139,444.0,20.0,20134,Rutherfordton,,220.522499254992,5078697342.95056,674832.691106946
407,28144,772.0,33.0,25846,Salisbury,,298.69225412056,867982991.287292,279505.654446658
408,28146,624.0,10.0,30382,Salisbury,,205.384767296426,3012969418.7887,452196.720325258
409,28147,1035.0,44.0,26204,Salisbury,,394.97786597466,2146390330.37,312495.471896358
410,28150,800.0,33.0,29296,Shelby,,273.074822501365,3159764942.52783,579453.815714684
411,28152,592.0,6.0,26078,Shelby,,227.011273870696,2247420971.2251,304211.560780765
412,28159,78.0,0.0,3126,Spencer,,249.520153550864,51886096.1330566,42602.5220628392
413,28160,104.0,2.0,4015,Spindale,,259.028642590286,170326604.450989,70799.3749654705
414,28163,79.0,0.0,5814,Stanfield,,135.878912968696,970276414.142883,191731.821086023
415,28164,291.0,4.0,15447,Stanley,,188.38609438726,1144736813.58362,324856.854746788
416,28166,153.0,1.0,9868,Troutman,,155.046615322254,911716953.816406,217041.310552798
417,28167,35.0,1.0,2418,Union Mills,,144.747725392887,1934997992.23633,347927.953502144
418,28168,262.0,4.0,10437,Vale,,251.029989460573,2469130589.68384,340004.345415379
419,28170,316.0,5.0,12494,Wadesboro,,252.921402273091,5053183842.2157,655726.472285971
420,28173,1075.0,5.0,63837,Waxhaw,,168.397637733603,3045162637.21796,318858.064536165
421,28174,385.0,2.0,9287,Wingate,,414.5579842791,985461754.807983,246986.820118662
422,28202,470.0,1.0,16755,Charlotte,,280.513279618024,50452583.9099121,34485.9053855683
423,28203,529.0,2.0,19070,Charlotte,,277.399056109072,91001089.479126,54761.2733662689
424,28204,290.0,3.0,8738,Charlotte,,331.883726253147,48899100.5548096,40761.7265321132
425,28205,1697.0,29.0,51821,Charlotte,,327.473418112348,335820474.82135,104910.810677792
426,28206,374.0,2.0,15244,Charlotte,,245.342429808449,182577260.697876,71458.050216539
427,28207,217.0,1.0,9761,Charlotte,,222.313287572995,68333859.7921753,36157.3958026361
428,28208,1306.0,11.0,39944,Charlotte,,326.957740837172,595973347.5495,157267.598078636
429,28209,605.0,5.0,26012,Charlotte,,232.584960787329,157335764.525879,72359.4847682198
430,28210,1472.0,19.0,44704,Charlotte,,329.277022190408,342547124.476257,112745.958411282
431,28211,698.0,28.0,31253,Charlotte,,223.338559498288,292827786.05603,102838.759144167
432,28212,1876.0,21.0,42744,Charlotte,,438.892008235074,237710291.866211,96077.3791004252
433,28213,1677.0,18.0,45338,Charlotte,,369.88839384181,412614569.613403,162252.089416931
434,28214,1204.0,8.0,41208,Charlotte,,292.176276451175,965554836.030151,224926.880987091
435,28215,2257.0,20.0,60256,Charlotte,,374.568507700478,782010510.903748,222976.412140327
436,28216,1554.0,17.0,58744,Charlotte,,264.537654909438,857978895.941772,184761.316525275
437,28217,1532.0,6.0,30875,Charlotte,,496.194331983806,428067925.271423,132462.900799897
438,28223,6.0,0.0,2941,Charlotte,,20.4012240734444,16745950.1914673,34959.7943637767
439,28226,828.0,14.0,40227,Charlotte,,205.831903945112,430471271.22644,131097.087702525
440,28227,1722.0,16.0,57319,Charlotte,,300.423943195101,1173416755.00244,297066.255269002
441,28262,1055.0,13.0,43683,Charlotte,,241.512716617448,593648477.600464,159979.41236041
442,28269,1852.0,19.0,81464,Charlotte,,227.339683786703,840640266.840637,192155.045229048
443,28270,478.0,7.0,34753,Charlotte,,137.542082697897,345778417.622314,161555.486865571
444,28273,1358.0,19.0,40544,Charlotte,,334.944751381215,614626385.142517,192801.276498243
445,28277,1080.0,9.0,72020,Charlotte,,149.958344904193,675381884.726379,144850.675101077
446,28278,645.0,2.0,32539,Charlotte,,198.223670057469,902762098.137573,246465.469761239
447,28301,517.0,27.0,17717,Fayetteville,,291.810125867811,348717238.9104,130217.445212828
448,28303,436.0,4.0,34600,Fayetteville,,126.011560693642,540160738.043701,179304.154504403
449,28304,687.0,12.0,39651,Fayetteville,,173.261708405841,491742944.185852,186465.416198877
450,28305,94.0,2.0,5010,Fayetteville,,187.624750499002,69895111.336731,49443.8950343603
451,28306,735.0,5.0,42565,Fayetteville,,172.677082109715,2090603260.31519,562860.488861907
452,28307,125.0,0.0,15486,Fort Bragg,,80.718067932326,174879596.356018,92732.9092032322
453,28308,1.0,0.0,737,Pope Army Airfield,,13.5685210312076,90374263.7665405,45243.1542141805
454,28310,263.0,0.0,8861,Fort Bragg,,296.806229545198,506286340.902344,200733.090413706
455,28311,651.0,4.0,36046,Fayetteville,,180.602563391222,1336136656.04889,240844.864072535
456,28312,318.0,3.0,18419,Fayetteville,,172.647809327325,4341373681.0871,556260.336471475
457,28314,952.0,9.0,53642,Fayetteville,,177.472875731703,816473670.87677,185615.29020179
458,28315,291.0,6.0,13329,Aberdeen,,218.320954310151,2049308469.85626,494397.056686911
459,28318,85.0,1.0,4579,Autryville,,185.630050229308,2217851356.83313,372935.466158955
460,28320,157.0,1.0,9381,Bladenboro,,167.359556550474,3248490168.58801,381864.201698899
461,28323,79.0,0.0,4578,Bunnlevel,,172.564438619484,1112191308.33496,301931.807656215
462,28326,294.0,2.0,22382,Cameron,,131.355553569833,3242119864.63824,488036.1730633
463,28327,279.0,2.0,18273,Carthage,,152.684288294205,5396542091.08795,586939.342565835
464,28328,1223.0,18.0,26951,Clinton,,453.786501428518,6810728499.67102,657248.933701038
465,28333,443.0,9.0,10709,Dudley,,413.670744233822,1249687746.85376,213915.020571421
466,28334,678.0,7.0,26215,Dunn,,258.630555025749,4497238669.98419,544402.158241248
467,28337,302.0,8.0,11927,Elizabethtown,,253.207009306615,5069041872.41577,577770.225904475
468,28338,116.0,2.0,4804,Ellerbe,,241.465445462115,3935542448.08881,492508.044174153
469,28339,160.0,3.0,7226,Erwin,,221.422640464988,1064553458.41333,310656.999787592
470,28340,458.0,19.0,10738,Fairmont,,426.52262991246,3757196814.59872,450516.228420329
471,28341,241.0,2.0,5080,Faison,,474.409448818898,2787115249.34564,421094.619116887
472,28343,47.0,0.0,1567,Gibson,,299.936183790683,458723474.164063,106909.663733147
473,28344,114.0,1.0,3814,Godwin,,298.898793917147,1128755315.22852,269142.265002464
474,28345,320.0,6.0,12656,Hamlet,,252.844500632111,2126402412.95966,332606.523883072
475,28347,77.0,0.0,1826,Hoffman,,421.686746987952,747268691.675964,194334.44204749
476,28348,688.0,6.0,36052,Hope Mills,,190.835459891268,1166315651.14276,329846.853315969
477,28349,165.0,12.0,3955,Kenansville,,417.193426042984,1959246504.78113,326624.538750416
478,28350,9.0,0.0,70,Lakeview,,1285.71428571429,7876659.25891113,11657.1581787366
479,28351,110.0,0.0,5269,Laurel Hill,,208.768267223382,1788599136.13666,386362.394376361
480,28352,1124.0,13.0,25298,Laurinburg,,444.303897541308,3264782876.16284,438869.872406896
481,28356,79.0,3.0,4914,Linden,,160.765160765161,1497885580.84283,286294.988335977
482,28357,74.0,1.0,3224,Lumber Bridge,,229.528535980149,998095899.747498,200973.924425577
483,28358,1415.0,27.0,38517,Lumberton,,367.370252096477,5499536726.32037,504386.804277589
484,28360,567.0,6.0,14944,Lumberton,,379.416488222698,1985862696.58282,363920.117329658
485,28363,38.0,1.0,1079,Marston,,352.177942539388,1736455559.11224,383927.716730152
486,28364,452.0,6.0,15170,Maxton,,297.956493078444,3845135736.01221,464303.223304611
487,28365,696.0,19.0,17063,Mount Olive,,407.90013479458503,5449867058.99634,617077.136427741
488,28366,189.0,2.0,5153,Newton Grove,,366.77663496992,2293381130.24042,414618.719505341
489,28369,60.0,1.0,2241,Orrum,,267.737617135207,1800121585.61136,401393.305842191
490,28371,137.0,3.0,7085,Parkton,,193.366266760762,1005950088.08063,229991.086519014
491,28372,546.0,4.0,15254,Pembroke,,357.938901271798,1147770145.91595,255857.280522167
492,28373,47.0,1.0,2552,Pinebluff,,184.169278996865,460329066.992676,140223.621385681
493,28374,262.0,8.0,18171,Pinehurst,,144.185790545374,609888351.153748,186776.563275303
494,28375,,,155,Proctorville,Population <500 and Cases <5,,16154829.5779114,21293.1141646593
495,28376,1069.0,14.0,43831,Raeford,,243.891309803564,8255601209.37079,618028.253174215
496,28377,516.0,12.0,13036,Red Springs,,395.82694077938,2872865768.25568,446034.002241504
497,28379,589.0,12.0,25804,Rockingham,,228.259184622539,4156662320.34821,486165.084209016
498,28382,163.0,0.0,8006,Roseboro,,203.597302023482,3525739741.42773,652666.741452106
499,28383,260.0,2.0,7713,Rowland,,337.093219240244,2904453853.97415,460017.981876533
500,28384,492.0,4.0,12414,Saint Pauls,,396.326727887869,2850567240.80182,480450.415018018
501,28385,68.0,0.0,3005,Salemburg,,226.289517470882,1040463355.97156,321938.125650219
502,28386,352.0,6.0,6068,Shannon,,580.092287409361,1134602512.8537,354913.796549299
503,28387,312.0,6.0,17139,Southern Pines,,182.040959215824,810260751.658813,181010.127281146
504,28390,336.0,6.0,23494,Spring Lake,,143.015237933089,1630867413.08136,287302.836124697
505,28391,82.0,0.0,5326,Stedman,,153.961697333834,1084470955.12604,202263.555324582
506,28392,61.0,1.0,1554,Tar Heel,,392.535392535393,925384379.987671,187529.786563955
507,28393,83.0,1.0,2160,Turkey,,384.259259259259,1437383838.7915,233550.655699493
508,28394,73.0,2.0,6094,Vass,,119.789957335084,1215312777.16113,300186.221923817
509,28395,40.0,0.0,2657,Wade,,150.54572826496,1382105528.22943,246616.208913961
510,28396,70.0,2.0,2679,Wagram,,261.291526689063,1631714382.90094,330475.243709585
511,28398,353.0,9.0,7672,Warsaw,,460.114702815433,2739435952.33466,345606.723026117
512,28399,72.0,1.0,1934,White Oak,,372.285418821096,2338498223.40869,308489.981388208
513,28401,508.0,8.0,24213,Wilmington,,209.804650394416,925590291.269562,302995.405207511
514,28403,1202.0,3.0,41945,Wilmington,,286.565740851115,403456249.54361,135103.298695973
515,28405,667.0,3.0,33719,Wilmington,,197.811322992971,694443662.189972,212896.044608315
516,28409,548.0,6.0,34974,Wilmington,,156.687825241608,678530052.059952,626246.018361276
517,28411,599.0,5.0,38820,Wilmington,,154.3019062339,1477023573.08954,591854.549770877
518,28412,646.0,7.0,42977,Wilmington,,150.312958093864,635947452.301941,245813.217862995
519,28420,102.0,1.0,5116,Ash,,199.374511336982,4030119174.4476,622951.504256467
520,28421,22.0,0.0,2040,Atkinson,,107.843137254902,1701084244.28595,246250.995159075
521,28422,105.0,7.0,8682,Bolivia,,120.939875604699,2520456183.00197,406510.949073508
522,28423,60.0,1.0,2285,Bolton,,262.582056892779,4327886518.67657,560706.23791653
523,28425,256.0,4.0,12625,Burgaw,,202.772277227723,4872852970.19843,522799.098840263
524,28428,120.0,0.0,7142,Carolina Beach,,168.02016241949,153392950.326767,131890.839899376
525,28429,112.0,0.0,8542,Castle Hayne,,131.116834464996,1146009267.92944,244578.64538817
526,28430,39.0,1.0,2055,Cerro Gordo,,189.78102189781,1294763521.80133,235369.368885516
527,28431,195.0,8.0,6741,Chadbourn,,289.274588340009,2019287633.59152,414968.282140326
528,28432,55.0,2.0,1684,Clarendon,,326.603325415677,913029717.719559,381140.327621417
529,28433,93.0,0.0,5297,Clarkton,,175.571077968662,3257754219.81824,497145.128049416
530,28434,19.0,0.0,1357,Council,,140.014738393515,2209417286.23001,262045.947095385
531,28435,34.0,0.0,2931,Currie,,116.001364721938,2746865502.37314,418800.327512466
532,28436,45.0,0.0,2312,Delco,,194.636678200692,1250613651.60083,304067.898737589
533,28438,32.0,1.0,1688,Evergreen,,189.57345971564,1324758692.31961,354385.951020837
534,28439,47.0,4.0,1536,Fair Bluff,,305.989583333333,667490225.496307,213264.007900786
535,28441,107.0,3.0,3328,Garland,,321.514423076923,3774857745.4223,555550.533903292
536,28442,55.0,1.0,1734,Hallsboro,,317.185697808535,1395074837.14975,336354.405393145
537,28443,329.0,1.0,22483,Hampstead,,146.332784770716,4337834719.99771,560208.032392264
538,28444,103.0,0.0,2278,Harrells,,452.151009657594,3251010335.70935,548979.732892781
539,28445,118.0,1.0,8142,Holly Ridge,,144.927536231884,2835470197.40424,676482.174744674
540,28447,76.0,0.0,1334,Ivanhoe,,569.715142428786,2755654733.91089,442226.920323366
541,28448,20.0,1.0,1216,Kelly,,164.473684210526,2360585218.26868,400674.523076971
542,28449,23.0,0.0,1958,Kure Beach,,117.466802860061,112229003.875305,80695.004584803
543,28450,73.0,6.0,2397,Lake Waccamaw,,304.547350855236,1482484363.39343,277199.450521116
544,28451,510.0,3.0,39194,Leland,,130.121957442466,5322314275.71591,771852.448618023
545,28452,19.0,0.0,513,Longwood,,370.37037037037,201031402.998276,76626.878203892
546,28453,320.0,6.0,4137,Magnolia,,773.507372492144,2286467269.94287,428957.863476439
547,28454,27.0,0.0,3549,Maple Hill,,76.0777683854607,3064407818.25446,319144.850869927
548,28455,52.0,2.0,1718,Nakina,,302.67753201397,1802269564.75485,339624.478895421
549,28456,114.0,1.0,3566,Riegelwood,,319.685922602356,1872158645.14374,368901.622022321
550,28457,246.0,3.0,12840,Rocky Point,,191.588785046729,3397895880.78387,551931.996451502
551,28458,314.0,6.0,7018,Rose Hill,,447.420917640353,3025757032.09851,549753.327973728
552,28460,174.0,1.0,10588,Sneads Ferry,,164.336985266339,868820245.916626,505270.66774661
553,28461,157.0,2.0,20575,Southport,,76.3061968408262,2976816159.44659,699193.3729383
554,28462,185.0,5.0,14309,Supply,,129.289258508631,3173815797.17624,578042.071238933
555,28463,300.0,17.0,9865,Tabor City,,304.105423213381,3441446535.6745,489113.866817469
556,28464,116.0,2.0,2491,Teachey,,465.6764351666,651873569.02948,216752.818849917
557,28465,61.0,0.0,8285,Oak Island,,73.6270368135184,278142792.540329,260764.452809295
558,28466,403.0,7.0,10375,Wallace,,388.433734939759,4134830722.40503,646652.750223625
559,28467,160.0,3.0,11393,Calabash,,140.437110506451,478052225.035095,182374.085490172
560,28468,59.0,0.0,5394,Sunset Beach,,109.380793474231,561581539.026329,281339.504069841
561,28469,106.0,2.0,7481,Ocean Isle Beach,,141.692287127389,718539224.77166,397460.188245044
562,28470,251.0,4.0,13446,Shallotte,,186.672616391492,1182514664.27979,362760.617388835
563,28472,461.0,15.0,20002,Whiteville,,230.47695230477,5336860792.21823,836470.753006454
564,28478,113.0,0.0,4976,Willard,,227.090032154341,3641064446.79327,420805.470689162
565,28479,81.0,1.0,4874,Winnabow,,166.187935986869,2117768058.25922,493774.783138492
566,28480,98.0,0.0,2737,Wrightsville Beach,,358.056265984655,105606171.513519,198146.556810674
567,28501,287.0,6.0,19507,Kinston,,147.126672476547,2991635337.302,625626.15035165
568,28504,458.0,19.0,21016,Kinston,,217.929196802436,3402165916.96191,527051.926248194
569,28508,125.0,2.0,2984,Albertson,,418.900804289544,979966062.858154,216402.11543394
570,28510,15.0,0.0,1543,Arapahoe,,97.2132209980557,492605022.366577,160146.449017413
571,28511,2.0,0.0,628,Atlantic,,31.8471337579618,664520864.566406,632922.312503468
572,28512,25.0,1.0,3689,Atlantic Beach,,67.76904310111141,159414908.561523,282548.210087653
573,28513,223.0,1.0,10825,Ayden,,206.004618937644,2611479123.85803,477095.460669019
574,28515,148.0,2.0,3463,Bayboro,,427.375108287612,1758589825.68518,437586.784820445
575,28516,114.0,3.0,12482,Beaufort,,91.3315173850344,3384236686.76337,1001596.71803034
576,28518,224.0,3.0,8803,Beulaville,,254.458707258889,2702594658.36359,473932.945095065
577,28519,5.0,0.0,328,Bridgeton,,152.439024390244,3782179.40026855,11964.2990373982
578,28520,,,352,Cedar Island,Population <500 and Cases <5,,633116579.775757,427477.052966737
579,28521,56.0,2.0,2259,Chinquapin,,247.897299690128,984336924.154663,232445.955683395
580,28523,52.0,2.0,2274,Cove City,,228.671943711522,2247611957.06177,297516.586083844
581,28524,,,443,Davis,Population <500 and Cases <5,,547256692.822876,860357.358716607
582,28525,49.0,1.0,3309,Deep Run,,148.080991236023,1368793733.10339,260376.07892082
583,28526,36.0,0.0,2384,Dover,,151.006711409396,2062614072.29626,437910.466683838
584,28527,12.0,0.0,905,Ernul,,132.596685082873,1145978492.04919,209684.397786102
585,28528,1.0,0.0,640,Gloucester,,15.625,74196560.923584,79933.9347539672
586,28529,57.0,0.0,2539,Grantsboro,,224.497833792832,2523317524.60889,412017.089612736
587,28530,137.0,1.0,7474,Grifton,,183.302113995183,1906098626.48975,426610.065184872
588,28531,7.0,0.0,1414,Harkers Island,,49.5049504950495,96666650.4205933,159397.370996394
589,28532,228.0,3.0,25868,Havelock,,88.1397866089377,5072028576.29651,874966.498361209
590,28533,16.0,0.0,0,Cherry Point,,,253735788.170532,192645.367219711
591,28537,,,186,Hobucken,Population <500 and Cases <5,,891999129.25647,352204.851723086
592,28538,77.0,0.0,3342,Hookerton,,230.400957510473,837514346.679443,167225.326393657
593,28539,182.0,2.0,18000,Hubert,,101.111111111111,2158531628.89203,965472.416809674
594,28540,617.0,8.0,52400,Jacksonville,,117.748091603053,3283488394.35052,547729.060516664
595,28542,99.0,0.0,6146,Camp Lejeune,,161.080377481289,1137151211.30426,554417.951637184
596,28543,45.0,2.0,6618,Tarawa Terrace,,67.9963735267452,101812905.851257,81799.9494086723
597,28544,64.0,2.0,5607,Midway Park,,114.14303549135,155759986.503357,92182.0384683424
598,28545,15.0,0.0,4010,Mccutcheon Field,,37.4064837905237,145247654.855835,101700.276162633
599,28546,616.0,4.0,51963,Jacksonville,,118.545888420607,2766403023.01086,429757.095409677
600,28547,243.0,0.0,13868,Camp Lejeune,,175.223536198442,321351155.112183,125030.1108688
601,28551,326.0,6.0,14265,La Grange,,228.531370487206,3578620059.57935,402405.541085344
602,28552,,,131,Lowland,Population <500 and Cases <5,,211084218.553589,104037.967496467
603,28553,3.0,0.0,522,Marshallberg,,57.4712643678161,44093630.395752,64625.7950525978
604,28555,52.0,0.0,4702,Maysville,,110.591237771161,3623337430.05573,600372.548840717
605,28556,8.0,0.0,1150,Merritt,,69.5652173913043,1139666751.30212,394317.853497314
606,28557,204.0,0.0,15254,Morehead City,,133.73541366199,400526127.961975,291647.007459014
607,28560,642.0,27.0,28926,New Bern,,221.945654428542,3309199654.78784,1030041.14449326
608,28561,7.0,0.0,0,New Bern,,,195198.709350586,2618.49962886206
609,28562,706.0,15.0,38009,New Bern,,185.745481333368,3853792240.20764,1071472.47820273
610,28570,314.0,1.0,22687,Newport,,138.405254110283,4050945831.7467,612371.091717979
611,28571,22.0,0.0,3137,Oriental,,70.1306981192222,1482289449.53186,353024.47769856
612,28572,143.0,3.0,6379,Pink Hill,,224.173067878978,3042675125.74115,395176.694907307
613,28573,73.0,12.0,2475,Pollocksville,,294.949494949495,3035889883.2348,360117.83631843
614,28574,257.0,4.0,17702,Richlands,,145.181335442323,3868294357.7301,523654.71280993
615,28577,5.0,0.0,595,Sealevel,,84.0336134453782,131607264.267456,82049.6590834025
616,28578,282.0,3.0,7044,Seven Springs,,400.340715502555,1837860745.29797,304549.150963809
617,28579,7.0,0.0,798,Smyrna,,87.719298245614,633080494.557556,233023.142000653
618,28580,320.0,6.0,12031,Snow Hill,,265.979552821877,3261656823.56982,373362.024423985
619,28581,,,224,Stacy,Population <500 and Cases <5,,2404669972.88318,703346.462367876
620,28582,8.0,1.0,1824,Stella,,43.859649122807,566119411.242798,233745.537488707
621,28583,,,0,Stonewall,Population <500 and Cases <5,,596710.740722656,3607.20989795631
622,28584,146.0,0.0,12910,Swansboro,,113.090627420604,870417864.570801,630505.524420815
623,28585,48.0,2.0,4170,Trenton,,115.107913669065,5857263271.9624,616313.550954669
624,28586,300.0,1.0,8427,Vanceboro,,355.998576005696,3798727344.79224,393188.365406213
625,28587,5.0,0.0,324,Vandemere,,154.320987654321,250612018.426636,182903.197478108
626,28590,608.0,7.0,26551,Winterville,,228.993258257693,1153236268.85608,260797.112041444
627,28594,63.0,0.0,3678,Emerald Isle,,171.288743882545,161880563.377441,206007.39513627
628,28601,1138.0,15.0,49848,Hickory,,228.294013801958,1378207425.05768,365850.750506082
629,28602,684.0,22.0,31218,Hickory,,219.104362867576,1938678919.97003,319569.803956005
630,28604,65.0,0.0,6449,Banner Elk,,100.790820282214,1915326545.24634,325836.980718489
631,28605,32.0,0.0,4143,Blowing Rock,,77.2387159063481,895784503.144714,248689.345104092
632,28606,34.0,0.0,2367,Boomer,,143.641740599915,1247639586.18042,214129.251492026
633,28607,833.0,1.0,37481,Boone,,222.245937941891,2776057252.95807,555835.87368089
634,28609,99.0,1.0,6457,Catawba,,153.321976149915,1341728385.28827,281255.134101197
635,28610,179.0,1.0,10238,Claremont,,174.8388357101,1121879522.66571,308096.881521473
636,28611,20.0,0.0,978,Collettsville,,204.498977505112,2483135872.03735,419111.187381629
637,28612,267.0,11.0,14906,Connelly Springs,,179.122501006306,2400642845.42798,441028.943696581
638,28613,566.0,8.0,25216,Conover,,224.460659898477,1220326345.78546,362168.639637895
639,28615,25.0,0.0,1883,Creston,,132.766861391397,1868599532.61511,272770.247470023
640,28617,42.0,0.0,2451,Crumpler,,171.358629130967,986888820.641235,263906.737953269
641,28618,30.0,0.0,2480,Deep Gap,,120.967741935484,1010729766.2395,224128.286954044
642,28621,276.0,12.0,10400,Elkin,,265.384615384615,1827310682.30029,492431.108964796
643,28622,31.0,0.0,2638,Elk Park,,117.51326762699,922706854.79248,228052.883765708
644,28623,39.0,0.0,1716,Ennice,,227.272727272727,790959225.749146,176648.995975267
645,28624,39.0,1.0,1893,Ferguson,,206.022187004754,1893859856.27216,280305.359064925
646,28625,812.0,17.0,38862,Statesville,,208.944470176522,5528677082.18164,627405.10903711
647,28626,16.0,0.0,3001,Fleetwood,,53.3155614795068,819063990.876587,148645.734339712
648,28627,8.0,0.0,1534,Glade Valley,,52.1512385919166,929851696.585571,229623.659776181
649,28629,,,63,Glendale Springs,Population <500 and Cases <5,,18113919.8492432,19773.9407564207
650,28630,480.0,6.0,20369,Granite Falls,,235.652216603662,1749206123.14734,364175.180926025
651,28631,23.0,0.0,536,Grassy Creek,,429.10447761194,666742006.060913,167245.211138671
652,28634,94.0,1.0,5269,Harmony,,178.401973809072,1708637469.52393,380041.00063272
653,28635,63.0,3.0,4032,Hays,,156.25,1589254753.84888,282956.554467362
654,28636,92.0,4.0,5186,Hiddenite,,177.400694176629,1563401720.00476,343683.132287545
655,28637,42.0,0.0,1583,Hildebran,,265.319014529375,75804105.8025513,39679.7431148789
656,28638,288.0,0.0,12560,Hudson,,229.299363057325,586195125.955933,179942.259882133
657,28640,40.0,0.0,4805,Jefferson,,83.2466181061395,1056537388.6748,302637.68949569
658,28642,114.0,2.0,5578,Jonesville,,204.374327716027,922184812.2677,173376.666314256
659,28643,23.0,0.0,3443,Lansing,,66.8022073772872,2044042930.41492,275858.107391137
660,28644,9.0,0.0,1570,Laurel Springs,,57.3248407643312,2045165288.09131,297831.475142139
661,28645,1062.0,12.0,47621,Lenoir,,223.010856554881,9179149391.98291,930216.037146458
662,28646,15.0,0.0,463,Linville,,323.974082073434,440709602.757813,156576.175660301
663,28649,11.0,0.0,1034,Mc Grady,,106.382978723404,1036137984.80469,190682.670149615
664,28650,288.0,2.0,13374,Maiden,,215.343203230148,1278104496.07623,377336.649296681
665,28651,103.0,2.0,6653,Millers Creek,,154.817375620021,2065649255.9353,349078.290644553
666,28654,76.0,2.0,3800,Moravian Falls,,200.0,1821577421.53857,295573.209104024
667,28655,1593.0,24.0,58249,Morganton,,273.481089804117,9153179930.14331,677983.745386267
668,28657,89.0,0.0,9610,Newland,,92.6118626430801,3935578521.47217,457051.359413869
669,28658,615.0,7.0,25858,Newton,,237.837419754041,2022657893.02307,451555.722478837
670,28659,481.0,6.0,21013,North Wilkesboro,,228.905915385714,2817470108.66394,743040.466864702
671,28660,42.0,0.0,2336,Olin,,179.794520547945,892135691.594116,224297.744075571
672,28663,3.0,0.0,715,Piney Creek,,41.958041958042,577849850.650269,137228.322788793
673,28665,37.0,1.0,2986,Purlear,,123.911587407904,1778038258.60608,240271.301413849
674,28667,12.0,0.0,105,Rhodhiss,,1142.85714285714,1309548.80932617,6065.66147149414
675,28668,,,39,Roaring Gap,Population <500 and Cases <5,,150579895.761963,97868.8716295681
676,28669,39.0,0.0,3133,Roaring River,,124.48132780083,1299426384.18799,252536.432806368
677,28670,41.0,2.0,3183,Ronda,,128.809299403079,1123975912.01135,257469.478215133
678,28672,,,35,Scottville,Population <500 and Cases <5,,62555584.7313232,47932.7256464108
679,28673,98.0,1.0,6621,Sherrills Ford,,148.013895181997,852092289.759583,248402.605359209
680,28675,183.0,0.0,6805,Sparta,,268.919911829537,2977111225.9541,397880.21838125
681,28676,52.0,0.0,3444,State Road,,150.987224157956,830902972.436646,197653.666386266
682,28677,798.0,9.0,35614,Statesville,,224.06918627506,2372250827.99042,364916.143502524
683,28678,58.0,0.0,5252,Stony Point,,110.43412033511,1249807753.12482,237772.476162198
684,28679,15.0,0.0,2122,Sugar Grove,,70.6880301602262,636943392.934937,227619.317646308
685,28681,389.0,4.0,26959,Taylorsville,,144.293185949034,4726487412.65814,412700.759417833
686,28682,8.0,0.0,1099,Terrell,,72.7934485896269,164657442.78833,108427.066369374
687,28683,22.0,0.0,1934,Thurmond,,113.753877973113,988749233.112671,203358.60410099
688,28684,15.0,1.0,2175,Todd,,68.9655172413793,1383524229.94177,292392.138653963
689,28685,27.0,0.0,1908,Traphill,,141.509433962264,1296786088.98804,215086.939280452
690,28689,33.0,0.0,1662,Union Grove,,198.5559566787,1218398001.86389,304792.24772459
691,28690,175.0,4.0,9427,Valdese,,185.637000106078,668624773.04187,213466.610171622
692,28692,62.0,0.0,4504,Vilas,,137.65541740675,1091553223.68976,286379.955820553
693,28693,18.0,0.0,1693,Warrensville,,106.320141760189,621923811.260986,170328.387778476
694,28694,106.0,0.0,8033,West Jefferson,,131.955682808415,2188720146.69934,416426.801998168
695,28697,348.0,16.0,13376,Wilkesboro,,260.167464114833,1810927272.521,565265.362104433
696,28698,40.0,0.0,1844,Zionville,,216.919739696312,762471326.925049,227334.653867247
697,28701,30.0,0.0,4830,Alexander,,62.111801242236,557040025.003723,178622.867954755
698,28702,3.0,0.0,704,Almond,,42.6136363636364,749571990.457794,168899.042279792
699,28704,428.0,2.0,21728,Arden,,196.980854197349,1481682958.97644,329012.999643476
700,28705,63.0,0.0,7168,Bakersville,,87.890625,3538838336.04175,376028.663142582
701,28708,2.0,0.0,1340,Balsam Grove,,14.9253731343284,795626278.709686,241272.033803255
702,28709,5.0,0.0,2308,Barnardsville,,21.6637781629116,1635213770.4093,231197.383485249
703,28711,138.0,9.0,15250,Black Mountain,,90.4918032786885,2289646423.50623,432841.10713665
704,28712,232.0,8.0,19644,Brevard,,118.102219507229,3743370041.24365,607196.289251344
705,28713,60.0,1.0,9333,Bryson City,,64.2880102860816,7085157294.99072,658029.652447302
706,28714,188.0,0.0,17066,Burnsville,,110.160553146607,7287599937.88281,538818.932986382
707,28715,358.0,4.0,27289,Candler,,131.188390926747,1975153881.5733,274379.594297132
708,28716,270.0,28.0,18650,Canton,,144.772117962467,4450693739.33826,450946.985814241
709,28717,50.0,1.0,1471,Cashiers,,339.904826648538,1160000231.10587,300525.403558473
710,28718,5.0,0.0,607,Cedar Mountain,,82.3723228995058,604740430.192017,157079.894608512
711,28719,152.0,3.0,6945,Cherokee,,218.86249100072,6313532001.74988,506970.161305604
712,28720,,,35,Chimney Rock,Population <500 and Cases <5,,47877696.5422974,47768.4833790312
713,28721,106.0,0.0,10866,Clyde,,97.5519970550341,3262240884.20239,451646.750156333
714,28722,123.0,2.0,6854,Columbus,,179.457251240152,1330435890.70984,371441.890606651
715,28723,259.0,0.0,11678,Cullowhee,,221.784552149341,2829089767.59064,521400.904374382
716,28725,,,36,Dillsboro,Population <500 and Cases <5,,1395548.49920654,7541.63511359509
717,28726,105.0,2.0,3477,East Flat Rock,,301.984469370147,62782212.3257446,52681.8363735949
718,28729,23.0,0.0,2978,Etowah,,77.2330423102754,115914409.369507,74718.0620947517
719,28730,65.0,1.0,10068,Fairview,,64.5609852999603,1334723772.69336,277836.650121475
720,28731,232.0,7.0,9271,Flat Rock,,250.242692266206,910498937.374664,308715.430561088
721,28732,185.0,0.0,18899,Fletcher,,97.888777183978,1163648233.76184,268599.174805656
722,28733,,,200,Fontana Dam,Population <500 and Cases <5,,498075903.916718,200917.740964481
723,28734,514.0,1.0,28423,Franklin,,180.839460999894,8413329787.90622,680710.034553254
724,28735,,,294,Gerton,Population <500 and Cases <5,,137680777.623108,92735.3834552802
725,28736,14.0,0.0,740,Glenville,,189.189189189189,845894035.551971,243241.394198335
726,28739,211.0,3.0,21994,Hendersonville,,95.9352550695644,1809199500.98254,354883.696935043
727,28740,26.0,0.0,2123,Green Mountain,,122.46820536976,2560353451.70599,391601.88482291
728,28741,89.0,0.0,3135,Highlands,,283.891547049442,2488322100.83908,291652.561708351
729,28742,27.0,0.0,2834,Horse Shoe,,95.2717007762879,759756422.807678,323788.261855291
730,28743,11.0,0.0,2422,Hot Springs,,45.417010734929804,2855463957.34918,351331.648547095
731,28745,13.0,0.0,598,Lake Junaluska,,217.391304347826,24208240.7459412,20619.3143809221
732,28746,44.0,0.0,2583,Lake Lure,,170.344560588463,1635267198.94843,301403.103342596
733,28747,11.0,1.0,2517,Lake Toxaway,,43.7028208184346,1644170650.80768,278687.825520297
734,28748,120.0,4.0,12684,Leicester,,94.6073793755913,2568900770.12885,433742.542694055
735,28749,,,0,Little Switzerland,Population <500 and Cases <5,,1713987.45050049,8852.52475284555
736,28751,38.0,0.0,3738,Maggie Valley,,101.658640984484,1196971956.93442,252655.252396679
737,28752,798.0,18.0,31501,Marion,,253.325291260595,6843838240.70496,729852.019397462
738,28753,58.0,0.0,12286,Marshall,,47.2082044603614,7221367422.4903,582321.875436496
739,28754,63.0,1.0,8823,Mars Hill,,71.4042842570554,2532637146.55933,336365.654274913
740,28756,71.0,0.0,4770,Mill Spring,,148.846960167715,2319967191.40479,359387.276461913
741,28757,9.0,0.0,0,Montreat,,,129672.114624023,2617.87913210505
742,28759,108.0,1.0,7867,Mills River,,137.282318545824,710290580.507599,219074.688607406
743,28761,204.0,9.0,8493,Nebo,,240.197809961144,3254647047.74689,448908.605974669
744,28762,114.0,2.0,7603,Old Fort,,149.940812837038,2996741187.4848,387268.208256283
745,28763,34.0,0.0,2864,Otto,,118.715083798883,1145043002.66425,202810.842815888
746,28766,6.0,0.0,1526,Penrose,,39.3184796854522,159626292.482056,88900.5625977206
747,28768,85.0,0.0,7895,Pisgah Forest,,107.663077897403,2244655883.74216,321689.536597621
748,28771,207.0,7.0,8212,Robbinsville,,252.070141256698,9086438704.3884,732920.807564289
749,28772,3.0,0.0,1942,Rosman,,15.4479917610711,577124059.134399,256613.212684218
750,28773,64.0,4.0,3508,Saluda,,182.440136830103,1396855034.24573,267712.497423626
751,28774,19.0,0.0,1569,Sapphire,,121.096239643085,1130246511.80005,224488.61951138
752,28775,7.0,1.0,493,Scaly Mountain,,141.987829614604,456631744.06662,130336.94180952
753,28777,357.0,3.0,10391,Spruce Pine,,343.566547974208,1968811938.32007,332780.684408785
754,28778,126.0,1.0,10803,Swannanoa,,116.634268258817,692162823.950317,188030.795128165
755,28779,216.0,2.0,17610,Sylva,,122.657580919932,3287520334.70795,472387.421611018
756,28781,7.0,0.0,957,Topton,,73.1452455590387,2402982140.90009,297913.620657844
757,28782,89.0,5.0,6512,Tryon,,136.670761670762,1239852111.02036,390005.579825198
758,28783,32.0,2.0,1905,Tuckasegee,,167.979002624672,2507065764.50815,412465.098737654
759,28785,48.0,0.0,8309,Waynesville,,57.768684558912,4680111391.07288,434987.630089387
760,28786,164.0,1.0,21837,Waynesville,,75.101891285433,2130537927.5513,319219.020654079
761,28787,233.0,1.0,20681,Weaverville,,112.6637976887,2146776657.76654,337936.038355962
762,28789,59.0,1.0,6551,Whittier,,90.0625858647535,1731085189.80936,281392.474737519
763,28790,41.0,0.0,3775,Zirconia,,108.609271523179,1184634316.47168,272368.233599775
764,28791,257.0,10.0,15811,Hendersonville,,162.545063563342,466838231.125,123544.27336528
765,28792,922.0,41.0,37949,Hendersonville,,242.957653693114,2892120004.20319,483608.715059927
766,28801,197.0,5.0,16782,Asheville,,117.387677273269,142991050.123962,66531.4000304091
767,28803,449.0,12.0,34731,Asheville,,129.279318188362,1148499781.62708,221583.067984848
768,28804,183.0,6.0,23302,Asheville,,78.5340314136126,818376430.368896,216401.982596761
769,28805,233.0,12.0,20394,Asheville,,114.249289006571,743578799.615234,203043.782551956
770,28806,793.0,30.0,43841,Asheville,,180.880910563171,1123591112.45288,297671.815966071
771,28901,179.0,5.0,6039,Andrews,,296.406689849313,1881090750.42804,271571.032581688
772,28902,24.0,0.0,1562,Brasstown,,153.649167733675,645585335.657318,162521.113458697
773,28904,123.0,3.0,9535,Hayesville,,128.998426848453,5317145252.91805,403950.005454209
774,28905,57.0,1.0,3548,Marble,,160.65388951522,1058320723.96715,269002.244098821
775,28906,424.0,6.0,20296,Murphy,,208.908159243201,9849733400.34212,586826.324547444
776,28909,11.0,0.0,1068,Warne,,102.996254681648,269492752.319427,107722.293423693
777,27969,,,0,Roduco,Population <500 and Cases <5,,724387.010986328,3958.82496624679
778,28253,,,0,Charlotte,Population <500 and Cases <5,,133339.295837402,3050.2273713774
779,28608,20.0,0.0,0,Boone,,,274774.708862305,3583.90419251761
780,27533,447.0,2.0,0,,,456.0,18055719.4014893,15817.3715737294
